Parameter,Value
MSE,0.0125
MAE,0.0125
R-SQUARED,0.9459093982420554
RMSE,0.11180339887498948
ACCURACY,0.9875
